"name","bio","birth_date","death_date","institution","awards","known_for","fields","page_title","image_url"
"Stephen William Hawking","Stephen William Hawking (8 January 1942 – 14 March 2018) was an English theoretical physicist, cosmologist, and author who was director of research at the Centre for Theoretical Cosmology at the University of Cambridge. Between 1979 and 2009, he was the Lucasian Professor of Mathematics at Cambridge, widely viewed as one of the most prestigious academic posts in the world.","8 January 1942 in England","14 March 2018 (aged 76)Cambridge, England",".mw-parser-output .plainlist ol,.mw-parser-output .plainlist ul{line-height:inherit;list-style:none;margin:0;padding:0}.mw-parser-output .plainlist ol li,.mw-parser-output .plainlist ul li{margin-bottom:0}University College, Oxford (BA)Trinity Hall, Cambridge (PhD)","Adams Prize (1966); Eddington Medal (1975); Maxwell Medal and Prize (1976); Heineman Prize (1976); Hughes Medal (1976); Albert Einstein Award (1978); Albert Einstein Medal (1979); RAS Gold Medal (1985); Dirac Medal (IOP) (1987); Wolf Prize (1988); Prince of Asturias Award (1989); Foreign Associate of the National Academy of Sciences (1992); Andrew Gemant Award (1998); Naylor Prize and Lectureship (1999); Lilienfeld Prize (1999); Albert Medal (1999); Copley Medal (2006); Presidential Medal of Freedom (2009); Breakthrough Prize in Fundamental Physics (2012); BBVA Foundation Frontiers of Knowledge Award (2015)","Hawking radiation; A Brief History of Time; A Briefer History of Time; Penrose–Hawking theorems; Black hole information paradox; Micro black hole; Primordial black hole; Chronology protection conjecture; Soft hair (No hair theorem); Bekenstein–Hawking formula; Hawking energy; Hawking–Page phase transition; Gibbons–Hawking ansatz; Gibbons–Hawking effect; Gibbons–Hawking space; Gibbons–Hawking–York boundary term; Hartle–Hawking state; Thorne–Hawking–Preskill bet","General relativity; quantum gravity","Stephen William Hawking","https://upload.wikimedia.org/wikipedia/commons/e/eb/Stephen_Hawking.StarChild.jpg"
"Richard Phillips Feynman","Richard Phillips Feynman (/ˈfaɪnmən/; May 11, 1918 – February 15, 1988) was an American theoretical physicist. He is best known for his work in the path integral formulation of quantum mechanics, the theory of quantum electrodynamics, the physics of the superfluidity of supercooled liquid helium, and in particle physics, for which he proposed the parton model. For his contributions to the development of quantum electrodynamics, Feynman received the Nobel Prize in Physics in 1965 jointly with Julian Schwinger and Shin'ichirō Tomonaga.","Richard Phillips FeynmanMay 11, 1918New York City, U.S.","February 15, 1988 (aged 69)Los Angeles, California, U.S.",".mw-parser-output .plainlist ol,.mw-parser-output .plainlist ul{line-height:inherit;list-style:none;margin:0;padding:0}.mw-parser-output .plainlist ol li,.mw-parser-output .plainlist ul li{margin-bottom:0} Massachusetts Institute of Technology (SB) Princeton University (PhD)","Albert Einstein Award (1954); E. O. Lawrence Award (1962); Nobel Prize in Physics (1965); Foreign Member of the Royal Society (1965); Oersted Medal (1972); National Medal of Science (1979)","Manhattan ProjectAcoustic wave equationBethe–Feynman formulaFeynman checkerboardFeynman diagramsFeynman gaugeFeynman–Kac formulaFeynman parametrizationFeynman pointFeynman propagatorFeynman slash notationFeynman sprinklerHellmann–Feynman theoremHeaviside-Feynman formulaV−A theoryBrownian ratchetFeynman–Stueckelberg interpretationNanotechnologyOne-electron universePartonPath integral formulationPlaying the bongosQuantum cellular automataQuantum computingQuantum dissipationQuantum electrodynamicsQuantum hydrodynamicsQuantum logic gatesQuantum turbulenceResummationRogers CommissionShaft passerSticky bead argumentSynthetic molecular motorThe Feynman Lectures on PhysicsUniversal quantum simulatorVortex ring modelWheeler–Feynman absorber theoryVariational perturbation theory; Manhattan Project; Acoustic wave equation; Bethe–Feynman formula; Feynman checkerboard; Feynman diagrams; Feynman gauge; Feynman–Kac formula; Feynman parametrization; Feynman point; Feynman propagator; Feynman slash notation; Feynman sprinkler; Hellmann–Feynman theorem; Heaviside-Feynman formula; V−A theory; Brownian ratchet; Feynman–Stueckelberg interpretation; Nanotechnology; One-electron universe; Parton; Path integral formulation; Playing the bongos; Quantum cellular automata; Quantum computing; Quantum dissipation; Quantum electrodynamics; Quantum hydrodynamics; Quantum logic gates; Quantum turbulence; Resummation; Rogers Commission; Shaft passer; Sticky bead argument; Synthetic molecular motor; The Feynman Lectures on Physics; Universal quantum simulator; Vortex ring model; Wheeler–Feynman absorber theory; Variational perturbation theory","Theoretical physics","Richard Phillips Feynman","https://upload.wikimedia.org/wikipedia/en/thumb/4/42/Richard_Feynman_Nobel.jpg/250px-Richard_Feynman_Nobel.jpg"
"Albert Einstein","Albert Einstein (14 March 1879 – 18 April 1955) was a German-born theoretical physicist who is best known for developing the theory of relativity. Einstein also made important contributions to quantum theory. His mass–energy equivalence formula E = mc2, which arises from special relativity, has been called ""the world's most famous equation"". He received the 1921 Nobel Prize in Physics for .mw-parser-output .inline-quote{quotes:none}.mw-parser-output .inline-quote-italic{font-family:inherit;font-style:italic}.mw-parser-output .inline-quote-marks{quotes:""\""""""\""""}his services to theoretical physics, and especially for his discovery of the law of the photoelectric effect.","14 March 1879 in Württemberg, Germany","18 April 1955 (aged 76)Princeton, New Jersey, U.S.","Swiss federal polytechnic school (teaching diploma, 1900) University of Zurich (PhD, 1905)","Barnard Medal for Meritorious Service to Science (1920) Nobel Prize in Physics (1921) Matteucci Medal (1921) ForMemRS (1921) Copley Medal (1925) Gold Medal of RAS (1926) Max Planck Medal (1929) Membership of NAS (1942) Time Person of the Century (1999); Barnard Medal for Meritorious Service to Science (1920); Nobel Prize in Physics (1921); Matteucci Medal (1921); ForMemRS (1921); Copley Medal (1925); Gold Medal of RAS (1926); Max Planck Medal (1929); Membership of NAS (1942); Time Person of the Century (1999)","General relativity; Special relativity; Photoelectric effect; E=mc2 (mass–energy equivalence); E=hf (Planck–Einstein relation); Theory of Brownian motion; Einstein field equations; Bose–Einstein statistics; Bose–Einstein condensate; Gravitational wave; Cosmological constant; Unified field theory; EPR paradox; Ensemble interpretation; List of other concepts","Physics","Albert Einstein","https://upload.wikimedia.org/wikipedia/commons/thumb/1/14/Albert_Einstein_1947.jpg/250px-Albert_Einstein_1947.jpg"
"Murray Gell‐ Mann",NA,NA,NA,NA,NA,NA,NA,NA,NA
"Brian Randolph Greene","Brian Randolph Greene (born February 9, 1963) is an American physicist known for his research on string theory. He is a professor of physics and mathematics at Columbia University, director of its center for theoretical physics, and the chairman of the World Science Festival, which he co-founded in 2008. Greene co-discovered mirror symmetry, relating two different Calabi–Yau manifolds. He also described the flop transition, a mild form of topology change, and the conifold transition, a more severe transformation of space, showing that topology can smoothly change in string theory.","Brian Randolph Greene  February 9, 1963 (age 62)New York City, U.S.",NA,"Harvard University (BS)Magdalen College, Oxford (PhD)","Andrew Gemant Award (2003)","String theoryThe Elegant UniverseThe Fabric of the CosmosThe Hidden Reality","Physics","Brian Randolph Greene","https://upload.wikimedia.org/wikipedia/commons/thumb/0/08/Brian_Greene%2C_February_28%2C_2012.jpg/250px-Brian_Greene%2C_February_28%2C_2012.jpg"
"Lisa Randall","Lisa Randall HonFInstP (born June 18, 1962) is an American theoretical physicist and Frank B. Baird, Jr. Professor of Science at Harvard University. Her research includes the fundamental forces of nature and dimensions of space. She studies the Standard Model, supersymmetry, possible solutions to the hierarchy problem concerning the relative weakness of gravity, cosmology of dimensions, baryogenesis, cosmological inflation, and dark matter. She contributed to the Randall–Sundrum model, first published in 1999 with Raman Sundrum.","June 18, 1962 (age 63)Queens, New York City, U.S.",NA,"Harvard University (BA, PhD)","Klopsteg Memorial Award (2006)Lilienfeld Prize (2007)Andrew Gemant Award (2012)Sakurai Prize (2019)Oskar Klein Medal (2019)","Randall–Sundrum model Warped Passages (2005)","Physics","Lisa Randall","https://upload.wikimedia.org/wikipedia/commons/thumb/a/a7/Lisa_randall_by_christopher_michel_02.jpg/250px-Lisa_randall_by_christopher_michel_02.jpg"
"Edward H Witten","Edward Witten (born August 26, 1951) is an American theoretical physicist known for his contributions to string theory, topological quantum field theory, and various areas of mathematics. He is a professor emeritus in the school of natural sciences at the Institute for Advanced Study in Princeton. Witten is a researcher in string theory, quantum gravity, supersymmetric quantum field theories, and other areas of mathematical physics. Witten's work has also significantly impacted pure mathematics. In 1990, he became the first physicist to be awarded a Fields Medal by the International Mathematical Union, for his mathematical insights in physics, such as his 1981 proof of the positive energy theorem in general relativity, and his interpretation of the Jones invariants of knots as Feynman integrals. He is considered the practical founder of M-theory.","August 26, 1951 (age 74)Baltimore, Maryland, U.S.",NA,".mw-parser-output .plainlist ol,.mw-parser-output .plainlist ul{line-height:inherit;list-style:none;margin:0;padding:0}.mw-parser-output .plainlist ol li,.mw-parser-output .plainlist ul li{margin-bottom:0} Brandeis University (BA) Princeton University (MA, PhD)","MacArthur Fellowship (1982); Albert Einstein Medal (1985); ICTP Dirac Medal (1985); Alan T. Waterman Award (1986); Fields Medal (1990); Dannie Heineman Prize (1998); Nemmers Prize (2000); National Medal of Science (2002); Harvey Prize (2005); Henri Poincaré Prize (2006); Crafoord Prize (2008); Lorentz Medal (2010); Isaac Newton Medal (2010); Breakthrough Prize in; Fundamental Physics (2012); Kyoto Prize (2014); Albert Einstein Award (2016)","M-theory; Seiberg–Witten theory; Seiberg–Witten invariants; Seiberg–Witten moduli space; Seiberg–Witten flow; Seiberg–Witten map; Wess–Zumino–Witten model; Weinberg–Witten theorem; Gromov–Witten invariant; Hořava–Witten domain wall; Vafa–Witten theorem; Witten index; BCFW recursion; Topological quantum field theory (Witten-type TQFTs); Topological string theory; CSW rules; Witten conjecture; Witten zeta function; Hanany–Witten transition; Twistor string theory; Chern–Simons theory; Positive energy theorem; Witten–Veneziano mechanism; Bubble of nothing","Theoretical physics; Mathematical physics; Superstring theory","Edward Witten","https://upload.wikimedia.org/wikipedia/commons/thumb/9/97/Edward_Witten.jpg/250px-Edward_Witten.jpg"
"Sean Michael Carroll","Sean Michael Carroll (born October 5, 1966) is an American theoretical physicist who specializes in quantum mechanics, cosmology, and the philosophy of science. He is the Homewood Professor of Natural Philosophy at Johns Hopkins University. He was formerly a research professor at the Walter Burke Institute for Theoretical Physics at the California Institute of Technology (Caltech) department of physics. He also is currently an external professor at the Santa Fe Institute, and he has been a contributor to the physics blog Cosmic Variance, where he has published in scientific journals such as Nature as well as other publications, including The New York Times, Sky & Telescope, and New Scientist. He is known for his atheism, his vocal critique of theism and defence of naturalism. He is considered a prolific public speaker and science popularizer. In 2007, Carroll was named NSF Distinguished Lecturer by the National Science Foundation.","Sean Michael Carroll  October 5, 1966 (age 58)Philadelphia, Pennsylvania, U.S.",NA,".mw-parser-output .plainlist ol,.mw-parser-output .plainlist ul{line-height:inherit;list-style:none;margin:0;padding:0}.mw-parser-output .plainlist ol li,.mw-parser-output .plainlist ul li{margin-bottom:0}Villanova University (BS)Harvard University (PhD)","Andrew Gemant Award (2014)Guggenheim Fellowship (2015)","Dark electromagnetismf(R) gravitypoetic naturalism","Physics; cosmology astrophysics; general relativity","Sean Michael Carroll","https://upload.wikimedia.org/wikipedia/commons/thumb/2/28/Sean_Carroll_2017.jpg/250px-Sean_Carroll_2017.jpg"
"Frank A Wilczek","Frank Anthony Wilczek (/ˈvɪltʃɛk/ or /ˈwɪltʃɛk/; born May 15, 1951) is an American theoretical physicist, mathematician and Nobel laureate. He is the Herman Feshbach Professor of Physics at the Massachusetts Institute of Technology (MIT), Founding Director of T. D. Lee Institute and Chief Scientist at the Wilczek Quantum Center, Shanghai Jiao Tong University (SJTU), distinguished professor at Arizona State University (ASU) during February and March and full professor at Stockholm University.","Frank Anthony Wilczek  May 15, 1951 (age 74)Mineola, New York, U.S.",NA,"University of Chicago (BS)Princeton University (MA, PhD)","MacArthur Fellowship (1982)Sakurai Prize (1986)ICTP Dirac Medal (1994)Lorentz Medal (2002)Lilienfeld Prize (2003)Nobel Prize in Physics (2004)King Faisal Prize (2005)Templeton Prize (2022)","Asymptotic freedomQuantum chromodynamicsParticle statisticsAxion modelTime crystal","PhysicsMathematics","Frank Wilczek","https://upload.wikimedia.org/wikipedia/commons/thumb/b/b1/FrankStockholm2004.jpg/250px-FrankStockholm2004.jpg"
"Steven Weinberg","Steven Weinberg (/ˈwaɪnbɜːrɡ/; May 3, 1933 – July 23, 2021) was an American theoretical physicist and Nobel laureate in physics for his contributions with Abdus Salam and Sheldon Glashow to the unification of the weak force and electromagnetic interaction between elementary particles.","May 3, 1933New York City, U.S.","July 23, 2021 (aged 88)Austin, Texas, U.S.",".mw-parser-output .plainlist ol,.mw-parser-output .plainlist ul{line-height:inherit;list-style:none;margin:0;padding:0}.mw-parser-output .plainlist ol li,.mw-parser-output .plainlist ul li{margin-bottom:0} Cornell University (BA) Princeton University (PhD)","Heineman Prize (1977); Elliott Cresson Medal (1979); Nobel Prize in Physics (1979); ForMemRS (1981); National Medal of Science (1991); Andrew Gemant Award (1997); Breakthrough Prize (2020)","Electroweak interaction; Weinberg angle; Weinberg–Witten theorem; Joos–Weinberg equation; Asymptotic safety; Axion model; Effective action; Minimal subtraction scheme; Soft graviton theorem; Technicolor; Unitarity gauge","Theoretical physics","Steven Weinberg","https://upload.wikimedia.org/wikipedia/commons/thumb/9/9f/Steven_weinberg_2010.jpg/250px-Steven_weinberg_2010.jpg"
"Sheldon L Glashow","Sheldon Lee Glashow (.mw-parser-output .IPA-label-small{font-size:85%}.mw-parser-output .references .IPA-label-small,.mw-parser-output .infobox .IPA-label-small,.mw-parser-output .navbox .IPA-label-small{font-size:100%}US: /ˈɡlæʃoʊ/,UK: /ˈɡlæʃaʊ/; born December 5, 1932) is a Nobel Prize-winning American theoretical physicist. He is the Metcalf Professor of Mathematics and Physics at Boston University, and a Eugene Higgins Professor of Physics, emeritus, at Harvard University. Glashow is a member of the board of sponsors for the Bulletin of the Atomic Scientists.","December 5, 1932 (age 92)New York City, New York, U.S.",NA,"Cornell University (AB, 1954)Harvard University (PhD, 1959)","Oskar Klein Memorial Lecture (2017)Richtmyer Memorial Award (1994)Nobel Prize in Physics (1979)J. Robert Oppenheimer Memorial Prize (1977)Sloan Fellowship (1962)","Electroweak theory Georgi–Glashow model GIM mechanism Glashow resonance De Rujula-Georgi-Glashow quark modelChiral color Very special relativity Trinification Weak hyperchargeWeak mixing angleCriticism of Superstring theory","Theoretical Physics","Sheldon L. Glashow","https://upload.wikimedia.org/wikipedia/commons/c/c3/Sheldon_Glashow_at_Harvard_cropped.jpg"
"Leon Max Lederman","Leon Max Lederman (July 15, 1922 – October 3, 2018) was an American experimental physicist who received the Nobel Prize in Physics in 1988, along with Melvin Schwartz and Jack Steinberger, for research on neutrinos. He also received the Wolf Prize in Physics in 1982, along with Martin Lewis Perl, for research on quarks and leptons. Lederman was director emeritus of Fermi National Accelerator Laboratory (Fermilab) in Batavia, Illinois. He founded the Illinois Mathematics and Science Academy, in Aurora, Illinois in 1986, where he was resident scholar emeritus from 2012 until his death in 2018.","Leon Max LedermanJuly 15, 1922New York City, New York, U.S.","October 3, 2018 (aged 96)Rexburg, Idaho, U.S.",".mw-parser-output .plainlist ol,.mw-parser-output .plainlist ul{line-height:inherit;list-style:none;margin:0;padding:0}.mw-parser-output .plainlist ol li,.mw-parser-output .plainlist ul li{margin-bottom:0}City College of New York (BA)Columbia University (PhD)","Nobel Prize in Physics (1988)Wolf Prize in Physics (1982)National Medal of Science (1965)Vannevar Bush Award (2012)William Procter Prize for Scientific Achievement (1991)","Seminal contributions to neutrinos, bottom quark","Physics","Leon M. Lederman","https://upload.wikimedia.org/wikipedia/commons/thumb/7/79/HD.3F.001_%2811086394836%29_%28cropped%29.jpg/250px-HD.3F.001_%2811086394836%29_%28cropped%29.jpg"
"Niels Henrik David Bohr","Niels Henrik David Bohr (.mw-parser-output .IPA-label-small{font-size:85%}.mw-parser-output .references .IPA-label-small,.mw-parser-output .infobox .IPA-label-small,.mw-parser-output .navbox .IPA-label-small{font-size:100%}Danish: ; 7 October 1885 – 18 November 1962) was a Danish theoretical physicist who made foundational contributions to understanding atomic structure and quantum theory, for which he received the Nobel Prize in Physics in 1922. Bohr was also a philosopher and a promoter of scientific research.","7 October 1885 in Denmark","18 November 1962 (aged 77)Copenhagen, Denmark",".mw-parser-output .plainlist ol,.mw-parser-output .plainlist ul{line-height:inherit;list-style:none;margin:0;padding:0}.mw-parser-output .plainlist ol li,.mw-parser-output .plainlist ul li{margin-bottom:0} University of Copenhagen (PhD) University of Cambridge Victoria University of Manchester","Hughes Medal (1921); Nobel Prize in Physics (1922); Matteucci Medal (1923); ForMemRS (1926); Franklin Medal (1926); Faraday Lectureship Prize (1930); Max Planck Medal (1930); Copley Medal (1938); Order of the Elephant (1947); Atoms for Peace Award (1957); Sonning Prize (1961)","Bohr–Van Leeuwen theorem (1911); Bohr model (1913); Coining the term correspondence principle (1920); BKS theory (1924); Conceiving complementarity (1927)","Atomic physics; Quantum physics","Niels Henrik David Bohr","https://upload.wikimedia.org/wikipedia/commons/thumb/6/6d/Niels_Bohr.jpg/250px-Niels_Bohr.jpg"
"David Jeffrey Wineland","David Jeffery Wineland (born February 24, 1944) is an American physicist at the Physical Measurement Laboratory of the National Institute of Standards and Technology (NIST). His most notable contributions include the laser cooling of trapped ions and the use of ions for quantum-computing operations. He received the 2012 Nobel Prize in Physics, jointly with Serge Haroche, for ""ground-breaking experimental methods that enable measuring and manipulation of individual quantum systems.""","David Jeffery Wineland  February 24, 1944 (age 81)Milwaukee, Wisconsin, United States",NA,"University of California, BerkeleyHarvard University","IRI Medal (2020)Nobel Prize in Physics (2012)National Medal of Science (2007)Schawlow Prize (2001)","Cavity quantum electrodynamicsLaser cooling","Quantum physics","David Jeffrey Wineland","https://upload.wikimedia.org/wikipedia/commons/thumb/e/eb/Portrait_of_David_Wineland.jpg/250px-Portrait_of_David_Wineland.jpg"
"Philip Warren Anderson","Philip Warren Anderson ForMemRS HonFInstP (December 13, 1923 – March 29, 2020) was an American theoretical physicist and Nobel laureate. Anderson made contributions to the theories of localization, antiferromagnetism, symmetry breaking (including a paper in 1962 discussing symmetry breaking in particle physics, leading to the development of the Standard Model around 10 years later), and high-temperature superconductivity, and to the philosophy of science through his writings on emergent phenomena. Anderson is also responsible for naming the field of physics that is now known as condensed matter physics.","Philip Warren AndersonDecember 13, 1923Indianapolis, Indiana, U.S.","March 29, 2020 (aged 96)Princeton, New Jersey, U.S.",".mw-parser-output .plainlist ol,.mw-parser-output .plainlist ul{line-height:inherit;list-style:none;margin:0;padding:0}.mw-parser-output .plainlist ol li,.mw-parser-output .plainlist ul li{margin-bottom:0} Harvard University United States Naval Research Laboratory","Oliver E. Buckley Condensed Matter Prize (1964); Nobel Prize in Physics (1977); ForMemRS (1980); National Medal of Science (1982); Nihon Ki-in lifetime achievement award (2007)","Anderson localization; Anderson Hamiltonian; Anderson orthogonality theorem; Anderson's theorem; Kramers–Anderson superexchange; RVB theory; Many-body localization; Higgs mechanism; Quantum spin liquid; Spin glass; Polar metal","Physics","Philip Warren Anderson","https://upload.wikimedia.org/wikipedia/commons/thumb/8/8d/Andersonphoto.jpg/250px-Andersonphoto.jpg"
"Matthew Paul Alejandro Fisher",NA,NA,NA,NA,NA,NA,NA,NA,NA
"Peter A Zoller","Peter Zoller (born 16 September 1952) is a theoretical physicist from Austria. He was professor at the University of Innsbruck and is known for his pioneering research on quantum computing, quantum simulation and quantum communication.","16 September 1952 in Austria",NA,"University of Innsbruck","John Stewart Bell Prize (2019)Herbert Walther Award (2016) Wolf Prize in Physics (2013) BBVA Foundation Frontiers of Knowledge Award (2008)Benjamin Franklin Medal (2010)Dirac Medal (2006)Max Planck Medal (2005)","Trapped ion quantum computer, Quantum simulation, Quantum repeater","Physicist","Peter Zoller","https://upload.wikimedia.org/wikipedia/commons/thumb/3/3b/Zoller_Peter.jpg/250px-Zoller_Peter.jpg"
"Xiao‐Gang Wen",NA,NA,NA,NA,NA,NA,NA,NA,NA
"Juan Ignacio Cirac","Juan Ignacio Cirac Sasturain (born 11 October 1965), known professionally as Ignacio Cirac, is a Spanish physicist. He is one of the pioneers of the field of quantum computing and quantum information theory. He was awarded the 2013 Wolf Prize in Physics.","Juan Ignacio Cirac Sasturain  October 11, 1965 (age 59)Manresa, Barcelona, Spain",NA,"Complutense University of Madrid","Prince of Asturias Award (2006)BBVA Foundation Frontiers of Knowledge Award (2008)Benjamin Franklin Medal (2010)Wolf Prize in Physics (2013)Max Planck Medal (2018)John Stewart Bell Prize (2019) Premio Innovación (Innovation Award) in the Premios Vanguardia (2023)","Trapped ion quantum computerQuantum network modelsCirac–Zoller CNOTW stateTensor network states","Physicist","Juan Ignacio Cirac","https://upload.wikimedia.org/wikipedia/commons/a/a2/Prof_Cirac_office_klein_%28cropped%29.jpg"
"Wolfgang Ketterle","Wolfgang Ketterle (.mw-parser-output .IPA-label-small{font-size:85%}.mw-parser-output .references .IPA-label-small,.mw-parser-output .infobox .IPA-label-small,.mw-parser-output .navbox .IPA-label-small{font-size:100%}German pronunciation: ; born 21 October 1957) is a German physicist and professor of physics at the Massachusetts Institute of Technology (MIT). His research has focused on experiments that trap and cool atoms to temperatures close to absolute zero, and he led one of the first groups to realize Bose–Einstein condensation in these systems in 1995. For this achievement, as well as early fundamental studies of condensates, he was awarded the Nobel Prize in Physics in 2001, together with Eric Allin Cornell and Carl Wieman.","21 October 1957 in West Germany",NA,"University of HeidelbergTechnical University of MunichUniversity of MunichMax Planck Institute of Quantum Optics","I. I. Rabi Prize (1997)Dannie Heineman Prize (1999)Fritz London Memorial Prize (1999)Benjamin Franklin Medal (2000)Nobel Prize for Physics (2001)Order of Merit of Baden-Württemberg (2002)","Atom laserBose–Einstein condensatesSpinor condensate","Physics","Wolfgang Ketterle","https://upload.wikimedia.org/wikipedia/commons/thumb/e/e5/Ketterle.jpg/250px-Ketterle.jpg"
"Harry J Kimble","Harry Joseph Kember Jr. (April 28, 1934 – February 9, 2012) was an American politician.","April 28, 1934Destrehan, Louisiana","February 9, 2012 (aged 77)","Ascension Catholic High School (1952)",NA,NA,NA,"Harry J. Kember Jr.",NA
"Thibault Marie Alban Guillaume Damour",NA,NA,NA,NA,NA,NA,NA,NA,NA
"David Alan Huse","David Alan Rosenberg (born 1948) is a military historian, and was Admiral Harry W. Hill Chair of Maritime Strategy at the National War College from 1996 to 2003 and held the Class of 1957 Distinguished Chair of Naval Heritage at the United States Naval Academy in 2015–2016.","1948 (age 76–77)",NA,"University of ChicagoAmerican University",NA,NA,"Military history","David Alan Rosenberg","https://upload.wikimedia.org/wikipedia/commons/thumb/f/fe/Rosenberg_presenting_distinguished_sailors_commemorative_stamps.jpg/250px-Rosenberg_presenting_distinguished_sailors_commemorative_stamps.jpg"
"Mikhail D Lukin","Mikhail Lukin (Russian: Михаи́л Дми́триевич Луки́н; born 10 October 1971) is a Russian theoretical and experimental physicist and a professor at Harvard University. He was elected a member of the National Academy of Sciences in 2018.","October 10, 1971 (age 53)Moscow, Russian SFSR",NA,"MIPTTexas A&M University",NA,NA,"Physics","Mikhail Lukin",NA
"David R Nelson","David Robert Nelson (born May 22, 1942) is an American politician who served as a State Representative and Sheriff of Bristol County, Massachusetts.","May 22, 1942 (age 83)New Bedford, Massachusetts",NA,"Saint Mary's College",NA,NA,NA,"David R. Nelson (politician)","https://upload.wikimedia.org/wikipedia/commons/8/8f/1981_David_Nelson_Massachusetts_House_of_Representatives.png"
"Steven M Girvin","Steven Mark Girvin (born April 5, 1950) is an American physicist who is Sterling Professor and former Eugene Higgins Professor of Physics at Yale University. He is noted for his theoretical work on quantum many body systems such as the fractional quantum Hall effect, and as co-developer of circuit quantum electrodynamics (circuit QED), the application of the ideas of quantum optics to superconducting microwave circuits. Circuit QED is now the leading architecture for construction of quantum computers based on superconducting qubits.","April 5, 1950 (age 75)Austin, Texas, U.S.",NA,".mw-parser-output .plainlist ol,.mw-parser-output .plainlist ul{line-height:inherit;list-style:none;margin:0;padding:0}.mw-parser-output .plainlist ol li,.mw-parser-output .plainlist ul li{margin-bottom:0}Bates College (BS)University of Maine (MS)Princeton University (MS, PhD)","Oliver E. Buckley Condensed Matter Prize (2007)","Strongly correlated electron states in low dimensional systems.","Condensed matter theory","Steven M. Girvin",NA
"Julian Seymour Schwinger","Julian Seymour Schwinger (/ˈʃwɪŋər/; February 12, 1918 – July 16, 1994) was a Nobel Prize-winning American theoretical physicist. He is best known for his work on quantum electrodynamics (QED), in particular for developing a relativistically invariant perturbation theory, and for renormalizing QED to one loop order. Schwinger was a physics professor at several universities.","Julian Seymour SchwingerFebruary 12, 1918New York City, U.S.","July 16, 1994 (aged 76)Los Angeles, California, U.S.","City College of New YorkColumbia University (BA, PhD)","Albert Einstein Award (1951)National Medal of Science (1964)Nobel Prize in Physics (1965)","Quantum electrodynamicsElectroweak interactionCavity perturbation theoryDyonSpin–statistics theoremMacMahon Master theoremSource theoryMutually unbiased basesKeldysh formalismList of things named after Julian Schwinger","Quantum field theory","Julian Seymour Schwinger","https://upload.wikimedia.org/wikipedia/commons/thumb/3/3c/Schwinger.jpg/250px-Schwinger.jpg"
"Roman Wladimir Jackiw","Roman Wladimir Jackiw (/ˈroʊmɑːn ˈdʒɑːkiːv/; .mw-parser-output .IPA-label-small{font-size:85%}.mw-parser-output .references .IPA-label-small,.mw-parser-output .infobox .IPA-label-small,.mw-parser-output .navbox .IPA-label-small{font-size:100%}Polish: ; November 8, 1939 – June 14, 2023) was a Polish-born American theoretical physicist and Dirac Medallist.","8 November 1939 in General Government (now Poland)","14 June 2023 (aged 83)Cambridge, Massachusetts, U.S.","Swarthmore College (BA)Cornell University (PhD)","Dirac Medal (1998)Heineman Prize (1995)","Adler–Bell–Jackiw anomalyJackiw–Teitelboim gravityTheta vacuum","Physics","Roman Wladimir Jackiw","https://upload.wikimedia.org/wikipedia/commons/thumb/8/80/JackiwFotoThaler.JPG/250px-JackiwFotoThaler.JPG"
"Immanuel Felix Bloch",NA,NA,NA,NA,NA,NA,NA,NA,NA
"Subir Sachdev","Subir Sachdev is Herchel Smith Professor of physics at Harvard University specializing in condensed matter. He was elected to the U.S. National Academy of Sciences in 2014, received the Lars Onsager Prize from the American Physical Society and the Dirac Medal from the ICTP in 2018, and was elected Foreign Member of the Royal Society ForMemRS in 2023. He was a co-editor of the Annual Review of Condensed Matter Physics 2017–2019, and is Editor-in-Chief of Reports on Progress in Physics 2022-.","2 December 1961 in India",NA,".mw-parser-output .plainlist ol,.mw-parser-output .plainlist ul{line-height:inherit;list-style:none;margin:0;padding:0}.mw-parser-output .plainlist ol li,.mw-parser-output .plainlist ul li{margin-bottom:0} Massachusetts Institute of Technology (B.S) Harvard University (Ph.D)","LeRoy Apker Award (1982); Sloan Fellowship (1989); Guggenheim Fellowship (2003); National Academy of Sciences (2014); UNSW Dirac Medal (2015); Lars Onsager Prize (2018); ICTP Dirac Medal (2018); Royal Society (2023)","Sachdev–Ye–Kitaev model","Condensed matter theory","Subir Sachdev","https://upload.wikimedia.org/wikipedia/commons/thumb/1/19/R36C4122s.jpg/250px-R36C4122s.jpg"
"Ashvin Vishwanath","Ashvin Vishwanath (born January 9, 1973) is an Indian-American theoretical physicist known for important contributions to condensed matter physics. He is a professor of physics at Harvard University.","January 9, 1973 (age 52)",NA,".mw-parser-output .plainlist ol,.mw-parser-output .plainlist ul{line-height:inherit;list-style:none;margin:0;padding:0}.mw-parser-output .plainlist ol li,.mw-parser-output .plainlist ul li{margin-bottom:0}Indian Institute of Technology KanpurPrinceton University (Ph.D.)",NA,NA,NA,"Ashvin Vishwanath",NA
"Michel H Devoret","Michel Devoret is a French physicist and F. W. Beinecke Professor of Applied Physics at Yale University. He also holds a position as the Director of the Applied Physics Nanofabrication Lab at Yale. He is known for his pioneering work on macroscopic quantum tunneling, and the single-electron pump as well as in groundbreaking contributions to initiating the fields of circuit quantum electrodynamics and quantronics.",NA,NA,"University of Paris-SudEcole Nationale Superieure des Telecommunications","Micius Quantum Prize 2021, John Bell Prize (2013)","Quantronics, single-electron pump, Circuit quantum electrodynamics","Experimental Solid-state physics, Condensed Matter Physics, Quantum error correction","Michel Devoret","https://upload.wikimedia.org/wikipedia/commons/4/46/Michel_H._Devoret_2017_190x180.jpg"
"Paul Joseph Steinhardt",NA,NA,NA,NA,NA,NA,NA,NA,NA
"SYFrank Chu",NA,NA,NA,NA,NA,NA,NA,NA,NA
"Steven Robert White",NA,NA,NA,NA,NA,NA,NA,NA,NA
"Андрей Дмитриевич Линде",NA,NA,NA,NA,NA,NA,NA,NA,NA
"Steven Allan Kivelson","Steven Allan Kivelson (born May 13, 1954) is an American theoretical physicist known for several major contributions to condensed matter physics. He is the Prabhu Goel Family Professor at Stanford University. Before joining Stanford in 2004, he was a professor of physics at the University of California at Los Angeles. Kivelson is known for his theoretical work on high-temperature superconductivity and correlated systems.","Steven Allan Kivelson  May 13, 1954 (age 71)Boston, United States",NA,"Harvard University","Oliver E. Buckley Prize (2025)",NA,"Condensed matter physics","Steven Allan Kivelson","https://upload.wikimedia.org/wikipedia/commons/thumb/c/ce/StevenKivelson.jpg/250px-StevenKivelson.jpg"
"George Albert Sawatzky","George Albert Sawatzky FRSC FRS (born 16 May 1942, Winkler, Manitoba, Canada) is a Canadian physicist, known for his research in solid state physics and strongly correlated electron systems. He has co-developed the Cini-Sawatzky theory of the Auger effect and the ZSA (Zaanen-Sawatzky-Allen) classification of bandgaps in solids.",NA,NA,".mw-parser-output .plainlist ol,.mw-parser-output .plainlist ul{line-height:inherit;list-style:none;margin:0;padding:0}.mw-parser-output .plainlist ol li,.mw-parser-output .plainlist ul li{margin-bottom:0}University of Manitoba ","Henry Marshall Tory Medal (2007); Fellow of the Royal Society (2008, 2008) ",NA,NA,"George Albert Sawatzky","https://upload.wikimedia.org/wikipedia/commons/thumb/6/66/GeorgeSawatzky1996.jpg/250px-GeorgeSawatzky1996.jpg"
"Michael Ellis Fisher","Michael Ellis Fisher (3 September 1931 – 26 November 2021) was an English physicist, as well as chemist and mathematician, known for his many seminal contributions to statistical physics, including but not restricted to the theory of phase transitions and critical phenomena. He was the Horace White Professor of Chemistry, Physics, and Mathematics at Cornell University. Later he moved to the University of Maryland College of Computer, Mathematical, and Natural Sciences, where he was University System of Maryland Regents Professor, a Distinguished University Professor and Distinguished Scholar-Teacher.","3 September 1931 in Colony of Trinidad and Tobago","26 November 2021 (aged 90)","King's College London","Irving Langmuir Award (1971)Wolf Prize (1980) Boltzmann Medal (1983) NAS Award for Scientific Reviewing (1983)Lars Onsager Prize (1995)Royal Medal (2005)BBVA Foundation Frontiers of Knowledge Award (2009)","Theory of phase transitions FKT algorithm","Statistical physics","Michael Ellis Fisher",NA
"John Matthew Martinis",NA,NA,NA,NA,NA,NA,NA,NA,NA
"Fu Liang","Fu Liang (傅亮; 374–426), courtesy name Jiyou (季友), was a high-level official of the Chinese Liu Song dynasty, who, along with his colleagues Xu Xianzhi and Xie Hui, deposed Emperor Shao after the death of Emperor Wu (Liu Yu) due to their belief that Emperor Shao was not fit to be emperor. However, he was later arrested and killed by Emperor Shao's successor and brother Emperor Wen.",NA,NA,NA,NA,NA,NA,"Fu Liang",NA
"John P Perdew","John P. Perdew (born August 30, 1943) is a theoretical condensed matter physicist known for his contributions to the fields of solid-state physics and quantum chemistry. His work on density functional theory has led to him being one of the world's most cited physicists. Perdew currently teaches and conducts research at Tulane University.","August 30, 1943 (age 81)Cumberland, Maryland, US",NA,"Cornell University (Ph.D., M.S.), Gettysburg College (A.B.)","Elected to National Academy of Sciences",NA,"solid-state physics, density functional theory, quantum chemistry","John P. Perdew","https://upload.wikimedia.org/wikipedia/commons/thumb/e/e1/John_Perdew.jpg/250px-John_Perdew.jpg"
"Antonio Helio Castro Neto",NA,NA,NA,NA,NA,NA,NA,NA,NA
"David Vanderbilt","David Vanderbilt is an American physicist. He is a professor of physics at Rutgers University researching condensed-matter physics since 1991, and named Board of Governors Professor of Physics in 2009. He received his B.A. from Swarthmore College in 1976 and his Ph.D. from MIT in 1981 studying under John D. Joannopoulos. He received the Aneesur Rahman Prize for Computational Physics in 2006. The Aneesur Rahman prize is the highest honor given by the American Physical Society for work in computational physics. In 2013 he was elected to the National Academy of Science.","20 August 1954 in New York, U.S.",NA,"Swarthmore College (BA)Massachusetts Institute of Technology (PhD)",NA,NA,"Physics","David Vanderbilt",NA
"Paul Bruce Corkum","Paul Bruce Corkum OC OOnt FRSC FRS (born October 30, 1943) is a Canadian physicist specializing in attosecond physics and laser science. He holds a joint University of Ottawa–NRC chair in attosecond photonics. He also holds academic positions at Texas A&M University and the University of New Mexico. Corkum is both a theorist and an experimentalist. He is known for developing the theory of attosecond physics.","October 30, 1943 (age 81)Saint John, New Brunswick, Canada",NA,"Acadia University (BSc.)Lehigh University (MSc.), (PhD)","Wolf Prize in Physics (2022)BBVA Foundation Frontiers of Knowledge Award (2022)APS Medal (2025)",NA,"Attosecond physicsLaser science","Paul Bruce Corkum",NA
"Bertram J Batlogg","Bertram Josef Richard Batlogg (born 1950) is an Austrian physicist known for his research on high-temperature superconductivity.","1950Bludenz, Austria",NA,"ETH Zurich","David Adler Lectureship Award (2000)Bernd T. Matthias Prize (1997)Science Prize of the State of Vorarlberg (2004)","High-temperature superconductivity","Solid state physics, Material science","Bertram Batlogg","https://upload.wikimedia.org/wikipedia/commons/thumb/7/75/ETH-BIB-Batlogg%2C_Bertram_%281950-%29-Portr_19684.jpg/250px-ETH-BIB-Batlogg%2C_Bertram_%281950-%29-Portr_19684.jpg"
"Bogdan Andrei Bernevig","Bogdan Andrei Bernevig (born 1978 in Bucharest) is a Romanian professor of condensed matter physics at Princeton University. His research focuses on topological insulators and other topological quantum materials. His work has been awarded numerous prizes, including the 2019 James C. McGroddy Prize of the American Physical Society and the 2023 EPS Europhysics Prize.",NA,NA,NA,NA,NA,NA,"Bogdan Andrei Bernevig",NA
"Nicolas Gisin","Nicolas Gisin (born 1952) is a Swiss physicist and professor at the University of Geneva, working on the foundations of quantum mechanics, quantum information, and communication. His work includes both experimental and theoretical physics. He has contributed work in the fields of experimental quantum cryptography and long-distance quantum communication over standard telecom optical fibers. He also co-founded ID Quantique, a company that provides quantum-based technologies.","29 May 1952 in Switzerland",NA,"University of Geneva","Micius Quantum Prize (2023)Marcel Benoist Prize (2014)John Stewart Bell Prize (2009)Descartes Prize (2004)","SARG04Long distance quantum communicationQuantum cryptographyQuantum nonlocalityQuantum teleportationWork on the foundations of quantum physicsSchrödinger–HJW theoremTime-bin encoding","Physics, Quantum foundations","Nicolas Gisin","https://upload.wikimedia.org/wikipedia/commons/thumb/e/ef/Nicolas_Gisin_201508.jpg/250px-Nicolas_Gisin_201508.jpg"
"Anton Zeilinger","Anton Zeilinger (.mw-parser-output .IPA-label-small{font-size:85%}.mw-parser-output .references .IPA-label-small,.mw-parser-output .infobox .IPA-label-small,.mw-parser-output .navbox .IPA-label-small{font-size:100%}German: ; born 20 May 1945) is an Austrian quantum physicist and Nobel laureate in physics of 2022. Zeilinger is professor of physics emeritus at the University of Vienna and senior scientist at the Institute for Quantum Optics and Quantum Information of the Austrian Academy of Sciences. Most of his research concerns the fundamental aspects and applications of quantum entanglement.","20 May 1945 in Austria",NA,".mw-parser-output .plainlist ol,.mw-parser-output .plainlist ul{line-height:inherit;list-style:none;margin:0;padding:0}.mw-parser-output .plainlist ol li,.mw-parser-output .plainlist ul li{margin-bottom:0}University of Vienna (PhD)TU Wien (Dr. habil.)","Pour le Mérite (2000); Klopsteg Memorial Award (2004); King Faisal Prize (2005); Wilhelm Exner Medal (2005); Isaac Newton Medal (2007); Wolf Prize in Physics (2010); Racah lecture (2012); John Stewart Bell Prize (2017); IEEE Honorary Membership (2018); Micius Quantum Prize (2019); Nobel Prize in Physics (2022)","Bell test experiments; Elitzur–Vaidman bomb tester experiment; Greenberger–Horne–Zeilinger state; GHZ experiment; Quantum teleportation; Quantum entanglement swapping; Superdense coding","Physics, Quantum mechanics","Anton Zeilinger","https://upload.wikimedia.org/wikipedia/commons/thumb/d/dc/Anton_Zeilinger%2C_2019_%2849085194786%29_%28cropped%29.jpg/250px-Anton_Zeilinger%2C_2019_%2849085194786%29_%28cropped%29.jpg"
"Qian Niu","Qian Xuesen (Chinese: 钱学森; December 11, 1911 – October 31, 2009; also spelled as Tsien Hsue-shen) was a Chinese aerospace engineer and cyberneticist who made significant contributions to the field of aerodynamics and established engineering cybernetics. He achieved recognition as one of America's leading experts in rockets and high-speed flight theory prior to his deportation to China in 1955.","December 11, 1911Shanghai, Qing dynasty","October 31, 2009 (aged 97)Beijing, China",".mw-parser-output .plainlist ol,.mw-parser-output .plainlist ul{line-height:inherit;list-style:none;margin:0;padding:0}.mw-parser-output .plainlist ol li,.mw-parser-output .plainlist ul li{margin-bottom:0} National Chiao Tung University (BS) Massachusetts Institute of Technology (MS) California Institute of Technology (PhD)","Chinese Academy of Sciences Academician (1957); Distinguished Alumni Award from Caltech (1979); Chinese Academy of Engineering Academician (1994); Two Bombs, One Satellite Merit Medal (1999)","Co-founder of the Jet Propulsion Laboratory; Founder of engineering cybernetics; Father of Chinese space program","Aerospace engineering; Aeronautics; Engineering cybernetics","Qian Xuesen","https://upload.wikimedia.org/wikipedia/commons/thumb/f/fd/%E6%AD%B8%E5%9C%8B%E5%BE%8C%E7%9A%84%E9%8C%A2%E5%AD%B8%E6%A3%AE.png/250px-%E6%AD%B8%E5%9C%8B%E5%BE%8C%E7%9A%84%E9%8C%A2%E5%AD%B8%E6%A3%AE.png"
"David Jonathan Gross","David Jonathan Gross (/ɡroʊs/; born February 19, 1941) is an American theoretical physicist and string theorist. Along with Frank Wilczek and David Politzer, he was awarded the 2004 Nobel Prize in Physics for their discovery of asymptotic freedom. Gross is the Chancellor's Chair Professor of Theoretical Physics at the Kavli Institute for Theoretical Physics (KITP) of the University of California, Santa Barbara (UCSB), and was formerly the KITP director and holder of their Frederick W. Gluck Chair in Theoretical Physics. He is also a faculty member in the UCSB Physics Department and is affiliated with the Institute for Quantum Studies at Chapman University in California. He is a foreign member of the Chinese Academy of Sciences.","David Jonathan Gross  February 19, 1941 (age 84)Washington, D.C., U.S.",NA,"Hebrew University of Jerusalem (BSc, MSc)University of California, Berkeley (PhD)","Dirac Medal (1988)Harvey Prize (2000)Nobel Prize in Physics (2004)","Asymptotic freedomHeterotic stringGross–Neveu model","Theoretical physics","David Jonathan Gross","https://upload.wikimedia.org/wikipedia/commons/thumb/8/8c/David_Gross_LANL.jpg/250px-David_Gross_LANL.jpg"
"Sascha Husa","Sascha Dirk Hupmann (21 April 1970 – 12 April 2020) was a German professional basketball player from Munich. He played college basketball in the United States for the University of Evansville from 1989 to 1993. He play professional basketball in Europe and he also played for the German national team.","April 21, 1970Munich, West Germany","April 12, 2020 (aged 49)",NA,NA,NA,NA,"Sascha Hupmann",NA
"Christopher Roy Monroe","Christopher Roy Monroe (born October 19, 1965) is an American physicist and engineer in the areas of atomic, molecular, and optical physics and quantum information science, especially quantum computing. He directs one of the leading research and development efforts in ion trap quantum computing. Monroe is the Gilhuly Family Presidential Distinguished Professor of Electrical and Computer Engineering and Physics at Duke University and was College Park Professor of Physics at the University of Maryland and Fellow of the Joint Quantum Institute and Joint Center for Quantum Computer Science until 2020 when he moved to Duke. He is also co-founder of IonQ, Inc.","October 19, 1965 (age 59)Southfield, Michigan, USA",NA,"MITUniversity of Colorado","I. I. Rabi Prize International Quantum Communication AwardPresidential Early Career Award for Scientists and EngineersArthur L. Schawlow Prize in Laser Science","Quantum Information Ion Trapping","Physics Quantum Information Science Atomic Physics","Christopher Roy Monroe","https://upload.wikimedia.org/wikipedia/commons/thumb/7/71/Chris_Monroe_in_Lab.jpg/250px-Chris_Monroe_in_Lab.jpg"
"Xijing Dai","Xi Jinping (born 15 June 1953) is a Chinese politician who has been the general secretary of the Chinese Communist Party (CCP) and chairman of the Central Military Commission (CMC), and thus the paramount leader of China, since 2012. Since 2013, Xi has also served as the seventh president of China. As a member of the fifth generation of Chinese leadership, Xi is the first CCP general secretary born after the establishment of the People's Republic of China (PRC).","15 June 1953 in China",NA,"Tsinghua University (BS, LLD)","Full list",NA,NA,"Xi Jinping","https://upload.wikimedia.org/wikipedia/commons/thumb/3/37/Xi_Jinping_in_Beijing_on_May_13%2C_2025_%28cropped%29.jpg/250px-Xi_Jinping_in_Beijing_on_May_13%2C_2025_%28cropped%29.jpg"
"Nai‐Phuan Ong",NA,NA,NA,NA,NA,NA,NA,NA,NA
"Mark E J Newman","Mark Newman FRS is a British physicist and Anatol Rapoport Distinguished University Professor of Physics at the University of Michigan, as well as an external faculty member of the Santa Fe Institute. He is known for his fundamental contributions to the fields of complex systems and complex networks, for which he was awarded the Lagrange Prize in 2014 and the APS Kadanoff Prize in 2024.","Bristol, England",NA,"Merton College, Oxford",NA,NA,"Physics","Mark E. J. Newman",NA
"Richard McKelvy Martin",NA,NA,NA,NA,NA,NA,NA,NA,NA
"Allan H MacDonald","Allan H. MacDonald (born December 1, 1951) is a theoretical condensed matter physicist and the Sid W. Richardson Foundation Regents Chair Professor of Physics at The University of Texas at Austin. His research interests are centered on the electronic properties of electrons in metals and semiconductors. He is well known for his work on correlated many-electron states in low-dimensional systems. In 2020, he became one of the laureates of the Wolf Prize in Physics, for predicting the magic angle that turns twisted bilayer graphene into a superconductor.","December 1, 1951 (age 73)Antigonish, Nova Scotia, Canada",NA,"St. Francis Xavier University, University of Toronto","Oliver E. Buckley Condensed Matter Prize (2007) Wolf Prize in Physics (2020) Citation Laureate (2024)",NA,"Condensed matter physics","Allan H. MacDonald","https://upload.wikimedia.org/wikipedia/commons/thumb/6/6e/Allan_MacDonald.jpg/250px-Allan_MacDonald.jpg"
"Jun Ye","Jun Ye (Chinese: 叶军; pinyin: Yè Jūn; born 1967) is a Chinese-American physicist at JILA, National Institute of Standards and Technology, and the University of Colorado Boulder, working primarily in the field of atomic, molecular, and optical physics.","1967 (age 57–58)Shanghai, China",NA,"Shanghai Jiao Tong University (BS)University of New Mexico (MS)University of Colorado at Boulder (PhD)","Department of Commerce Gold Medal (2001, 2011, 2014) Arthur S. Flemming Award (2005) Carl Zeiss Research Award (2007) William F. Meggers Award (2007) I.I. Rabi Prize in Atomic, Molecular or Optical Physics (2007) Elected to the National Academy of Sciences (2011) Presidential Rank Award (2015) Norman F. Ramsey Prize in Atomic, Molecular and Optical Physics, and in Precision Tests of Fundamental Laws and Symmetries (2019) Micius Quantum Prize (2020) Niels Bohr Institute Medal of Honour (2021) Breakthrough Prize in Fundamental Physics (2022)","Atomic clocks, ultracold molecules, precision spectroscopy, frequency combs","Physics","Jun Ye","https://upload.wikimedia.org/wikipedia/commons/thumb/2/22/JunYe_1_a.jpg/250px-JunYe_1_a.jpg"
"Jerry D Tersoff","Jerry Tersoff is a Research Staff Member at the IBM Thomas J. Watson Research Center. His work spans diverse topics in the theoretical understanding of surfaces, interfaces, electronic materials, epitaxial growth, and nanoscale devices. Throughout his career, his work has emphasized the use of simple models to understand complex behavior.",NA,NA,NA,NA,NA,NA,"Jerry Tersoff",NA
"Alessandro Vespignani","Alessandro Vespignani (born April 4, 1965) is an Italian-American physicist, best known for his work on complex networks, and particularly for work on the applications of network theory to the mathematical modeling of infectious disease, applications of computational epidemiology, and for studies of the topological properties of the Internet. He is currently the Sternberg Family Distinguished University Professor of Physics, Computer Science and Health Sciences at Northeastern University, where he is the director of the Network Science Institute.","April 4, 1965 (age 60)",NA,"Sapienza University of Rome","List of American Physical Society FellowsFellows of the Network Science SocietyOrder of the Star of ItalyFellow of the American Association for the Advancement of Science","network scienceMathematical modelling of infectious diseasecomputational epidemiology",NA,"Alessandro Vespignani","https://upload.wikimedia.org/wikipedia/commons/thumb/f/fb/Alessandro_Vespignani_2021.jpg/250px-Alessandro_Vespignani_2021.jpg"
"Nicolas Yunes","Nicolás Yunes (born July 17, 1980) is an Argentinian theoretical physicist who is a professor at the University of Illinois Urbana-Champaign and the founding director of the Illinois Center for Advanced Studies of the Universe (ICASU). He is particularly interested in extreme gravity, gravitational waves, and compact binaries.","1980 (age 44–45)",NA,"Pennsylvania State University Washington University in St. Louis",NA,NA,NA,"Nicolas Yunes","https://upload.wikimedia.org/wikipedia/commons/thumb/0/0d/Nicolas_Yunes_at_PechaKucha_Bozeman.jpg/250px-Nicolas_Yunes_at_PechaKucha_Bozeman.jpg"
"Witold Nazarewicz","Oak Ridge National LaboratoryUniversity of TennesseeUniversity of Warsaw","December 26, 1954 (age 70)Warsaw, Poland",NA,"Warsaw University of Technology","Bonner Prize (2012)","Research on structure of rare isotopes","Physicist","Witold Nazarewicz","https://upload.wikimedia.org/wikipedia/commons/thumb/5/54/Witold_Nazarewicz%2C_Professor_of_Physics.jpg/250px-Witold_Nazarewicz%2C_Professor_of_Physics.jpg"
"Georg Kresse","Georg Kreisel FRS (September 15, 1923 – March 1, 2015) was an Austrian-born mathematical logician who studied and worked in the United Kingdom and America.","September 15, 1923Graz, Austria","March 1, 2015 (aged 91)Salzburg, Austria","Trinity College, Cambridge",NA,"Unwinding ProgramKreisel–Putnam logic","Computer ScienceMathematicsPhilosophy","Georg Kreisel",NA
"Eugene A Demler","Eugene L. Demers (August 1842 – April 26, 1912) was an American politician from New York.",NA,NA,NA,NA,NA,NA,"Eugene L. Demers",NA
"Uros̆ Seljak",NA,NA,NA,NA,NA,NA,NA,NA,NA
"Bala R Iyer","The Bâlta is a left tributary of the river Bistrița in Romania. It flows into the Bistrița near Telești. Its length is 19 km (12 mi) and its basin size is 78 km2 (30 sq mi).",NA,NA,NA,NA,NA,NA,"B%C3%A2lta (river)","https://upload.wikimedia.org/wikipedia/commons/thumb/c/c1/RO_GJ_Raul_Balta_%281%29.jpg/250px-RO_GJ_Raul_Balta_%281%29.jpg"
"Eric Dean Siggia",NA,NA,NA,NA,NA,NA,NA,NA,NA
"André K Geim",NA,NA,NA,NA,NA,NA,NA,NA,NA
"Vitor Manuel dos Santos Cardoso",NA,NA,NA,NA,NA,NA,NA,NA,NA
"Mark B Wise","Mark Brian Wise (born November 9, 1953, in Montreal, Quebec) is a Canadian-American theoretical physicist. He has conducted research in elementary particle physics and cosmology. He is best known for his role in the development of heavy quark effective theory (HQET), a mathematical formalism that has allowed physicists to make predictions about otherwise intractable problems in the theory of the strong nuclear interactions. He has also published work on mathematical models for finance and risk assessment.","Montreal, Quebec, Canada",NA,"University of Toronto (BS, MS)Stanford (PhD)","American Academy of Arts and SciencesNational Academy of SciencesSakurai Prize","Heavy quark effective theory","Particle physicsTheoretical physics","Mark B. Wise",NA
"Stephen Edward Harris","Stephen Edward Morris is an economic theorist and game theorist especially known for his research in the field of global games. Since July 2019, he has been a professor of economics at the Massachusetts Institute of Technology. Prior to that he taught at Princeton, Yale, and the University of Pennsylvania. He was the editor of Econometrica for the period 2007–2011, and in 2019 served as president of the Econometric Society.","October 19, 1963 (age 61)England",NA,"Cambridge University and Yale University",NA,NA,"Economic theory, Game theory","Stephen Edward Morris",NA
"Jens Kehlet Norskov",NA,NA,NA,NA,NA,NA,NA,NA,NA
"Albert ‐ László Barabási",NA,NA,NA,NA,NA,NA,NA,NA,NA
"Martin Bodo Plenio","Martin Bodo Plenio (born 20 May 1968) is a German physicist, Alexander von Humboldt Professor, and Director of the Institute for Theoretical Physics at Ulm University.","20 May 1968",NA,"Imperial College LondonUniversity of Göttingen","Maxwell Medal and Prize 2004, Clifford Paterson Lecture 2008, Alexander von Humboldt Foundation Humboldt Professor 2008, Max Born Prize 2012, ERC Synergy Grant 2012, ERC Synergy Grant 2019, Highly Cited Researcher","Quantum information theoryQuantum technologyQuantum biology","Physics","Martin Bodo Plenio","https://upload.wikimedia.org/wikipedia/commons/thumb/e/ef/Physicist_Martin_Bodo_Plenio.jpg/250px-Physicist_Martin_Bodo_Plenio.jpg"
"Yoshihisa Yamamoto Yoshihisa Yamamoto",NA,NA,NA,NA,NA,NA,NA,NA,NA
"Marclm Kamionkowski","Marc Kamionkowski (born 1965) is an American theoretical physicist and currently the William R. Kenan, Jr. Professor of Physics and Astronomy at Johns Hopkins University. His research interests include particle physics, dark matter, inflation, the cosmic microwave background and gravitational waves.","1965Cleveland, Ohio, U.S.",NA,".mw-parser-output .plainlist ol,.mw-parser-output .plainlist ul{line-height:inherit;list-style:none;margin:0;padding:0}.mw-parser-output .plainlist ol li,.mw-parser-output .plainlist ul li{margin-bottom:0}Washington UniversityUniversity of Chicago","Helen B. Warner Prize (1998); E. O. Lawrence Award (2006); Dannie Heineman Prize for Astrophysics (2015); Gruber Prize in Cosmology (2021)","Gravitational waves; dark matter/dark electromagnetism; inflation; cosmic microwave background","Physics, Astrophysics","Marc Kamionkowski",NA
"Satomi Uchida","Satomi Ichikawa (市川 里美, Ichikawa Satomi; 1949–) is a Japanese children's literature illustrator and author who has lived in Paris since 1971. She has illustrated more than seventy picture books in over a dozen languages, but is best known for creating the Nora series (1986–1994) and for illustrating the You Are My I Love You collection written by Maryann Cusimano Love.","January 15, 1949 (age 76)Gifu, Japan",NA,NA,NA,"Children's literature",NA,"Satomi Ichikawa",NA
"Philip S Kim","Phillip Martin Simms (born November 3, 1955) is an American former professional football quarterback who played in the National Football League (NFL) for 14 seasons with the New York Giants. After playing college football for the Morehead State Eagles, Simms was selected in the first round by the Giants as the seventh overall pick in the 1979 NFL draft. Simms was named Most Valuable Player (MVP) of Super Bowl XXI, after he led the Giants to a 39–20 victory over the Denver Broncos and set the record for highest completion percentage in a Super Bowl, completing 22 of 25 passes (88%), as well as the highest passer rating in a Super Bowl at 150.9; both of these records still stand. He was also named to the Pro Bowl for his performances in the 1985 and 1993 seasons.","November 3, 1955 (age 69)Springfield, Kentucky, U.S.",NA,NA,NA,NA,NA,"Phil Simms","https://upload.wikimedia.org/wikipedia/commons/thumb/f/fa/Phil_Simms_Feb_2019_3_%28cropped%29.jpg/250px-Phil_Simms_Feb_2019_3_%28cropped%29.jpg"
"Steven Gwon Sheng Louie","Steven Gwon Sheng Louie (26 March 1949, Taishan, Guangdong, China) is a computational condensed-matter physicist. He is a professor of physics at the University of California, Berkeley and senior faculty scientist in the Materials Sciences Division at Lawrence Berkeley National Laboratory, where his research focuses on nanoscience. He is also scientific director of the Theory of Nanostructured Materials Facility at the Molecular Foundry.",NA,NA,NA,NA,NA,NA,"Steven Gwon Sheng Louie",NA
"Guilherme Loss de Morais",NA,NA,NA,NA,NA,NA,NA,NA,NA
"Stanley J Brodsky","Stanley J. Brodsky (born January 9, 1940) is an American theoretical physicist and emeritus professor in the SLAC Theory Group at the SLAC National Accelerator Laboratory at Stanford University.",NA,NA,NA,NA,NA,NA,"Stanley J. Brodsky",NA
"Gen Shirane","Gen Shirane (kanji: 白根 元 Shirane Gen; furigana: しらね げん; May 15, 1924 in Nishinomiya,Japan – 16 January 16, 2005 in Bellport, New York) was a Japanese-American experimental solid-state physicist, known for his investigations using neutron scattering as a probe of solids. He lived most of his life in the USA.",NA,NA,NA,NA,NA,NA,"Gen Shirane",NA
"Juan Garcı́a‐Bellido",NA,NA,NA,NA,NA,NA,NA,NA,NA
"Andrew Eben Strominger",NA,NA,NA,NA,NA,NA,NA,NA,NA
"Ataç İmamoǧlu",NA,NA,NA,NA,NA,NA,NA,NA,NA
"Naoto Nagaosa",NA,NA,NA,NA,NA,NA,NA,NA,NA
"John Lowther Clarke",NA,NA,NA,NA,NA,NA,NA,NA,NA
"M‐L Herrera Cohen",NA,NA,NA,NA,NA,NA,NA,NA,NA
"Bangalore Suryanarayana Sathyaprakash",NA,NA,NA,NA,NA,NA,NA,NA,NA
"Jean‐ Marie Tarascon",NA,NA,NA,NA,NA,NA,NA,NA,NA
"Tony F Heinz","Tony Frederick Heinz (born 30 April 1956 in Palo Alto) is an American physicist.","April 30, 1956Palo Alto",NA,"Stanford University, Columbia University, IBM - Thomas J. Watson Research Center",NA,"Nanoscience, two-dimensional materials, laser physics",NA,"Tony F. Heinz",NA
"Michele Parrinello","Michele Parrinello (born 7 September 1945) is an Italian physicist particularly known for his work in molecular dynamics (the computer simulation of physical movements of atoms and molecules). Parrinello and Roberto Car were awarded the Dirac Medal of the International Centre for Theoretical Physics (ICTP) and the Sidney Fernbach Award in 2009 for their continuing development of the Car–Parrinello method, first proposed in their seminal 1985 paper, ""Unified Approach for Molecular Dynamics and Density-Functional Theory"". They have continued to receive awards for this breakthrough, most recently the Dreyfus Prize in the Chemical Sciences and the 2021 Benjamin Franklin Medal in Chemistry.","7 September 1945 in Italy",NA,NA,"Fellow of the Royal SocietyEPS Europhysics Prize (1990)Dirac Prize (2009)Sidney Fernbach Award (2009)Marcel Benoist Prize (2011)Dreyfus Prize in the Chemical Sciences (2017)Benjamin Franklin Medal (Franklin Institute) (2021)European Chemistry Gold Medal (2020)",NA,NA,"Michele Parrinello","https://upload.wikimedia.org/wikipedia/commons/thumb/3/39/ETH-BIB-Parrinello%2C_Michele_%281945-%29-Portr_17881.jpg/250px-ETH-BIB-Parrinello%2C_Michele_%281945-%29-Portr_17881.jpg"
"Maciej A Lewenstein","Maciej Lewenstein (born September 21, 1955 in Warsaw), is a Polish theoretical physicist, currently an ICREA professor at ICFO – The Institute of Photonic Sciences in Castelldefels near Barcelona. He is an author of over 800 scientific articles and 2 books, and recipient of many international and national prizes. In addition to quantum physics his other passion is music, and jazz in particular. His collection of compact discs and vinyl records includes over 9000 items.","September 21, 1955 (age 69)Warsaw",NA,"University of Warsaw","Hamburg Prize for Theoretical Physics (2010)Prize of the Foundation for Polish Science (2011)Willis E. Lamb Award (2016)",NA,"Theoretical Physics","Maciej Lewenstein",NA
"Phaedon Avouris","Phaedon Avouris (Greek: Φαίδων Αβούρης) is a Greek chemical physicist specializing in nanoscience and nanotechnology. His research at the IBM Thomas J. Watson Research Center focuses on the applications of molecular devices in computing and electronics. This includes experimental and theoretical studies on the electronics and photonics of carbon nanotubes (CNT) and graphene.",NA,NA,NA,NA,NA,NA,"Phaedon Avouris",NA
"Albert R Fert","Albert Fert (.mw-parser-output .IPA-label-small{font-size:85%}.mw-parser-output .references .IPA-label-small,.mw-parser-output .infobox .IPA-label-small,.mw-parser-output .navbox .IPA-label-small{font-size:100%}French: ; born 7 March 1938) is a French physicist and one of the discoverers of giant magnetoresistance which brought about a breakthrough in gigabyte hard disks. Currently, he is an emeritus professor at Paris-Saclay University in Orsay, scientific director of a joint laboratory (Unité mixte de recherche) between the Centre national de la recherche scientifique (National Scientific Research Centre) and Thales Group, and adjunct professor at Michigan State University. He was awarded the 2007 Nobel Prize in Physics together with Peter Grünberg.","7 March 1938 in France",NA,"École normale supérieure (Paris)University of Paris","CNRS Gold medal (2003) Wolf Prize in Physics (2006)Japan Prize (2007) Nobel Prize in Physics (2007)","Giant magnetoresistive effect, spintronics, skyrmions","Physics","Albert Fert","https://upload.wikimedia.org/wikipedia/commons/thumb/3/3f/Fert-002.jpg/250px-Fert-002.jpg"
"David Joseph Singh","David Joseph Singh (born 1958) is a theoretical physicist who is a curators' professor in the Department of Physics and Astronomy at the University of Missouri in Columbia, Missouri. He was previously a corporate fellow at the Oak Ridge National Laboratory (ORNL).",NA,NA,NA,NA,NA,NA,"David Joseph Singh",NA
"Francisco Guinea","Francisco Ginella Dabezies (born 21 January 1999), commonly known as ""Pancho"" Ginella, is a Uruguayan professional footballer who plays for Defensor.",NA,NA,NA,NA,NA,NA,"Francisco Ginella",NA
"Wayne Hsing‐Ching Hu",NA,NA,NA,NA,NA,NA,NA,NA,NA
"David Nathaniel Spergel","David Nathaniel Spergel is an American theoretical astrophysicist and the Emeritus Charles A. Young Professor of Astronomy on the Class of 1897 Foundation at Princeton University. Since 2021, he has been the President of the Simons Foundation. He is known for his work on the Wilkinson Microwave Anisotropy Probe (WMAP) project. In 2022, Spergel accepted the chair of NASA's UAP independent study team.","David Nathaniel Spergel  March 25, 1961 (age 64)",NA,"Princeton University Harvard University","Helen B. Warner Prize for Astronomy Shaw Prize in Astronomy Dannie Heineman Prize for Astrophysics Breakthrough Prize in Fundamental Physics","Co-leading the Wilkinson Microwave Anisotropy Probe project","Astrophysics","David Nathaniel Spergel","https://upload.wikimedia.org/wikipedia/commons/thumb/3/37/David_Spergel.jpg/250px-David_Spergel.jpg"
"Lance Jenkins Dixon",NA,NA,NA,NA,NA,NA,NA,NA,NA
"D N Christodoulides D N Christodoulides",NA,NA,NA,NA,NA,NA,NA,NA,NA
"S G Lloyd","Sam Lloyd (November 12, 1963 – April 30, 2020) was an American actor and singer who played lawyer Ted Buckland on the comedy-drama series Scrubs and the sitcom Cougar Town.","November 12, 1963Springfield, Vermont, U.S.","April 30, 2020 (aged 56)Los Angeles, California, U.S.","Syracuse University",NA,NA,NA,"Sam Lloyd","https://upload.wikimedia.org/wikipedia/commons/thumb/1/1c/Sam_Lloyd_at_WonderCon_2009.JPG/250px-Sam_Lloyd_at_WonderCon_2009.JPG"
"Zvi Bern","Zvi Bern (born 17 September 1960) is an American theoretical particle physicist. He is a professor at University of California, Los Angeles (UCLA).","17 September 1960 in New York",NA,"Massachusetts Institute of Technology (B.S.)University of California, Berkeley (Ph.D.)","Fellow of the American Physical Society (2004) Sakurai Prize (2014) Galileo Galilei Medal (2023)","Double copy theory, Generalized Unitarity Method, Scattering Amplitudes","Theoretical Physics, Quantum Field Theory, Supergravity, String Theory","Zvi Bern","https://upload.wikimedia.org/wikipedia/commons/thumb/5/5e/Zvi-Bern.jpg/250px-Zvi-Bern.jpg"
"Константин Александрович Новоселов",NA,NA,NA,NA,NA,NA,NA,NA,NA
"Matias Zaldarriaga","Matias Zaldarriaga is a theoretical physicist best known for his work on cosmology. He has made significant contributions toward understanding both astrophysical phenomena and fundamental physics, most notably through his research on modeling the early universe and analyzing statistical properties of cosmic microwave background data. Zaldarriaga grew up in Buenos Aires, Argentina and received his undergraduate degree from the University of Buenos Aires in 1994. He received his PhD in 1998 from the Massachusetts Institute of Technology, followed by a postdoctoral fellowship at the Institute for Advanced Study in Princeton, NJ. Zaldarriaga was an assistant professor at New York University from 2001 to 2002, and a professor at Harvard University from 2004 to 2009, there he received a MacArthur Fellowship in 2006. He is currently a professor at the Institute for Advanced Study, where he has been a faculty member since 2009.","Coghlan, Buenos Aires",NA,".mw-parser-output .plainlist ol,.mw-parser-output .plainlist ul{line-height:inherit;list-style:none;margin:0;padding:0}.mw-parser-output .plainlist ol li,.mw-parser-output .plainlist ul li{margin-bottom:0}Massachusetts Institute of TechnologyUniversity of Buenos Aires","MacArthur Fellows Program; Helen B. Warner Prize for Astronomy (2003); Gribov Medal (2005); Buchalter Cosmology Prize (2020); Gruber Prize in Cosmology (2021)","CMBFAST code",NA,"Matias Zaldarriaga",NA
"Kenneth Manao Yamada",NA,NA,NA,NA,NA,NA,NA,NA,NA
"Zhuoyang Shen","Zhao Yangsheng (Chinese: 赵阳升; born December 1955) is a Chinese scientist currently serving as a professor and doctoral supervisor at Taiyuan University of Technology. He is a member of the International Society for Rock Mechanics (ISRM) and Chinese Society for Rock Mechanics and Engineering (CSRME).","December 1955 (age 69)Taiyuan, Shanxi, China",NA,"Taiyuan University of TechnologyLiaoning Technical UniversityTongji University",NA,NA,"Mineral engineering","Zhao Yangsheng",NA
"Chris G Van de Walle","Chris G. Van de Walle is a professor in the Materials Department at the University of California, Santa Barbara. He received a Ph.D. in Electrical Engineering from Stanford University in 1986. Prior to joining UCSB in 2004, he was a principal scientist at the Xerox Palo Alto Research Center (PARC). His research interests include first-principles calculations for materials, defects and doping in semiconductors and oxides, surfaces and interfaces, and the physics of hydrogen in materials. Van de Walle is a Fellow of the APS, MRS, AAAS, AVS, and IEEE. He is the recipient of a Humboldt Research Award for Senior US Scientist, the Medard W. Welch Award, and the David Adler Lectureship Award in the Field of Materials Physics from the APS.",NA,NA,"University of California, Santa Barbara,","Aneesur Rahman Prize (2025)Medard W. Welch Award (2013)David Adler Lectureship Award (2002)Humboldt Research Award (1998)","First-principles calculations for materialsModel solid approximation","Condensed matter physicsMaterials science","Chris G. Van de Walle","https://upload.wikimedia.org/wikipedia/commons/thumb/a/ae/Chris_Van_de_Walle_-_042710.jpg/250px-Chris_Van_de_Walle_-_042710.jpg"
"Taka‐Hisa Arima",NA,NA,NA,NA,NA,NA,NA,NA,NA
